Actual Location,Genome,Fitness,DistanceFromActual
54,mlyihtcylda!lyhgvtq!hsaitasgtyh!vnttkvt!vyt!hnhyknsqfvmffde!hdawhyssvnvtrcs!mdvlfapytr!!tlawtnellsac,608,54
41,mrsihtcylva!lyhgvtq!hsaitasgtdh!vntskdtgvyt!hdh!kksqfviffde!hdawhyssvnvtrcr!mdfffapytr!!tlastnellsac,586,40
36,mrsihtcylve!lyhgvtq!hfaitasgter!vntskvtriyt!hnh!kksqfvisfdq!hdawhyssvivtrcr!mdfffapytk!!tlastndllsac,566,34
25,mrsihicylveslyhgvtq!hsaitasgtehevytsevtgiyt!hdhkkrsqlvisfvlyhda!hysfvivtrcs!mdffwapytk!!tlpstnallcac,508,22
22,mrpihicylveslyhgvtq!hsaitasgtehevyttevtgiyt!hdhkkr!qlvisfv!yhda!hnpsvivtrcs!mdffwgpytk!!tlpstnallcac,508,18
19,mrsihicylvespyhgvthwdsaisasgpehevytsevtgiyt!hdhkkr!qlvisfv!yhdakhypsvivtrcs!mdsfwgp!tk!!tlpstnallcac,468,14
18,mrfihicylvespyhgvtqwdyaisasgpehevytsevtgiyt!hdhkkr!qlvitfv!yhdakhypsvivtrcs!mdffwgpytk!!tlpstnallcac,464,12
1,mrfihicdpvaspshgdshqdsavsasrpehevftsevtwnftspdhkki!q!vitfvqyhdakhcpsaiatrcrqrdfvwrpntky!nlpstsslp!tc,268,6
0,mrfihicdpvaspshgdshqdsavsasrpehevftsevtgnftspdhkkr!q!vitfvqyhdakhcpsaiatrcrqrdfvwrpntky!nlpstrslp!tc,252,8
2,mrfihicypvaspshgvshqdsavsasrpehevftsevtgnftspdhkkr!q!vitfv!yhdakhcpsaiatrcrqrdfvwrpntky!nlpstnalp!tc,286,7
3,mrfihicypvaspshgvshqdsavsasrpehevctsevtgnftspdhkkr!q!vitfv!yhdakhcpsaiatrcr!rdfvwrpntky!nlpstnalp!tc,294,7
4,mrfihicypvaspshgvshqdsaisasrpehevctsevtgnftspdhkkr!q!vitfv!yhdakhcpsaiatrcr!rdfvwrpntky!nlpstnalpctc,310,7
5,mrfihicypvaspshgvthqdsavsasrpehdvctsevtgiftspdhkkr!q!vitfv!yhdakhcpsaiatrcr!rdfvwrpntky!nlpstnallctc,326,7
6,mrfihicypvaspshgvthqdsaisasrpehevctsevtgiftspdhkkr!q!vitfv!yhdakhcpsaiatrcr!rdfvwspntky!nlpstnallctc,342,7
7,mrfihicypvaspshgvthqdsaisasrpehevctsevtgiftspdhkkr!q!vitfv!yhdakhcpsaiatrcr!rdfvwspntky!tlpstnallctc,350,7
8,mrfihicypvaspyhgvthqdsaisasrpehevctsevtgiftspdhkkr!q!vitfv!yhdakhcpsaiatrcr!mdfvwrpntky!tlpstkallctc,358,7
9,mrfihicypvaspylgvth!dsaisasrpehevytsevtaiftspdhkkr!q!vitfm!yhdakhcpsaiatrcr!mdfvwrpytky!tlpstnallctc,384,7
10,mrfihicypvaspylgvth!dsaisasrpehevytsevtaiftspdhkkr!q!vitfm!yhdakhcpsaiatrcs!mdfvwrpytky!tlpstnallctc,384,7
11,mrfihicypvespyhgvth!dsaisasrpehevytsevtgiytspdhkkr!qlvitfv!yhdakhgpsaiatrcs!mgfvwrhytky!tlpstnallctc,400,7
12,mrfihicypvespyhgvth!dsaisasgpehevytsevtgiytshdhkkr!qlfitfv!yhdakhcpsaiatrcs!mdfvwgpytky!tlpstnallctc,424,7
13,mrfihicypvespyhgvth!dsaisasgpehevytsevtgiyt!hdhkkr!qlvitfv!yhdakhypsaiatrcs!mdfvwgpytky!tlpstnallctc,434,7
14,mrfihicypvespyhgvth!dsaisasgpehevytsevtgiytshdhkkr!qlvitfv!yhdakhypsaiatrcs!mdffwgpytky!tlpstnallctc,440,7
16,mrfihicylvespyhgvth!dsaisasgpehevytsevtgiyt!hdhkkr!qlvitfv!yhdakhypsaivtrcs!mdffwgpytk!!tlpstnallcnc,452,6
15,mrfihicylvespyhgvth!dsaisasgpehevytsevtgiyt!hdhkkr!qlvitfv!yhdakhypsaivtrcs!mdffwgpytky!tlpstnallctc,450,8
17,mrfihicylvespyhgvth!dsaisasgpehevytsevtgiyt!hdhkkr!qlvitfv!yhdakhypsvivtrcs!mdffwgpytk!!tlpstnallctc,460,7
20,mrsihicylveslyhgvth!hsaisasgpehevytsevtgiyt!hdhkkr!qlvisfv!yhdakhypsvivtrcs!mdffwgpytk!!tlpstnallcac,484,5
21,mrsihicylveslyhgvtq!hsaitasgtehevytsevtgiyt!hdhkkr!qlvisfv!yhdakhypsvivtrcs!mdffwgpytk!!tlpstnallcac,500,5
24,mrsihicylveslyhgvtr!hsaitasgtehevytsevtgiyt!hdhkkr!qlvisfvqyhda!hypsvivtrcs!mdffwapytk!!tlpstnallcac,516,3
23,mrsihicylveslyhgvtq!hsaitasgtehevyttevtgiyt!hdhkkr!qlvisfvqyhda!hypsvivtrcs!mdffwapytk!!tlpstnallcac,516,5
26,mpsihicylveslyhgvtq!hstitasgtehevntsevtglyt!hdhkkr!qfvisfvqchda!hypfvivtrcs!mdffwapytk!!tlpstnallcac,518,3
27,mpsihicylveslyhgvtq!hsaitasgtehevytsevtglyt!hdhkkrsqlvisfvqchda!hypsvivtrcs!mdfflapytk!!tlpstnallcac,518,3
28,mrsihicylveslyhgltq!hsaitasgteh!vytsevtgiyt!hdh!kr!qlvisfvqchda!hyssvivtrcr!mdfflapytk!!tlpstnallcac,534,3
29,mrsihicylveslyhgvtq!hsaitasgteh!vytsevtgiyt!hdh!krsqllisfvqchda!hyssvivtrcr!mdfflapytk!!tlpstnallcac,534,3
31,mrsihtcylve!lyhgvnq!hsaitasgteh!vntskvtgiyt!hdh!krsqfvisfvq!hdawhyssvivtrcr!mdfflapytk!!tltstnallsac,558,2
30,mrsihtcylveslyhgvtq!hsaitasgteh!vntskvtgiyt!hdh!krsqfvisfvq!hdawhyssvivtrcr!mdfflapytk!!tlpstnallsac,550,4
35,mrsihtcylva!lyhgvtq!hsaitasgteh!vntskvtgiyt!hdh!krsqfvisfvq!hdawhyssvivircr!mdfflapytk!!tlastndllsac,566,0
32,mrsihtcylve!lyhgvtq!hsaitasgteh!vntskvtgiyt!hdh!krsqfvisfvq!hdawhyssvivtrcr!mdfflapytk!!tlastndllsac,566,4
33,mrsihtcylve!lyhgvtq!hsaitasgteh!vntskvtgiyt!hdh!krsqfvisfdq!hdawhyssvivtrcr!mdfflapytk!!tlastndllsac,566,4
34,mrsihtcylve!lyhgvtq!hsaitasgteh!vntskvtgiyt!hdh!krsqfvisfdq!hdawhyssvivtrcr!mdfflapytk!!tlastndllsac,566,4
38,mrsihtcyiva!lyhgvtq!hsaitasgteh!vntskvtgvyt!hdh!kksqfvisfdq!hdawhyssvnvtrcr!mdfffapytr!!tlastndllsac,568,1
37,mrsihtcylva!lyhgvtq!hsaitasgteh!vntskvtgiyt!hnh!kksqfvisfdq!hdawhyssvnvtrcr!mdfffapytkl!tlastndllsac,568,3
40,mrsihtcylva!lyhgvtq!hsaitasgtdh!vntskvtgiyt!hnh!kksqfviffdq!hdawhysslnvtrcr!mdfffapytr!!tlastndllsac,576,1
39,mrsihtcylva!lyhgvtq!hsaitasgtdh!vntskvtgvyt!hnh!kksqfviffdq!hdawhyssvnvtrcr!mdfffapytr!!tlastndllsac,576,3
46,mrsihtcylva!lylgvtq!hsaitasgtdh!vnttkvtcvyt!hnh!kksqfviffde!hdawhyssvhvtrcr!mdfffapytr!!tlastnellsac,594,3
45,mrsihtcylva!lylgvtq!hsaitasgtdh!vnttkvtcvyt!hnh!kksqfviffde!hdawhyssvnvtrcr!mdfffapytr!!tlastnellsac,594,1
42,mrsihtcylva!lylgvtq!psaitasgtdh!vntskvtwvyt!hnh!kksqfviffde!hdawhyssvnvtrcr!mdfffapytr!!tlastnellsac,586,3
44,mrsihtcylva!lyhgvtq!hsaitasgtdh!vntskvtwvyt!hnh!kksqfviffde!hdawhyssvnvtrcs!mdfffapytr!!tlastnellsac,594,2
43,mrsihtcylva!lyhgvtq!hsaitasgtdh!vntskvtwvyt!hnh!kksqfviffde!hdawhyssvnvtrcr!mdfffapytr!!tlastnellsac,594,4
47,mrsihtcylva!lyhgvtq!hsaitasgtdh!vnttkvtwvyt!hnh!kksqfviffde!hdawhyssvnvtrcr!mdvffapytr!!tlastnellsac,596,1
51,mrsihtcylva!lyhgvtq!hsaitasgtdh!vnttkvtwvyt!hnhyknsqfviffde!hdawhyssvnvtrcs!mdvffapytr!!tlastnellsac,604,2
48,mrsihtcylva!lyhgvtq!hsaitasgtdh!vnttkvtwvyt!hnhyknsqfviffde!hdawhyssvnvtrcs!mdvffapytr!!tlastnellsac,604,2
50,mrsihtcylva!lyhgvtq!hsaitasgtdh!vnttkvtwvyt!hnhyknsqfviffde!hdawhyssvnvtrcs!mdvffapytr!!tlastnellsac,604,1
49,mrsihtcylva!lyhgvtq!hsaitasgtdh!vnttkvtwvyt!hnhyknsqfviffde!hdawhyssvnvtrcs!mdvffapytr!!tlastnellsac,604,3
52,mlyihtcylda!lyhgvtq!hsaitasgtdh!vnttkvtwvyt!hnhyknsqfviffde!hdawhyssvnvtrcs!mdvffapytr!!tlastnellsac,606,1
53,mlyihtcylda!lyhgvtq!hsaitasgtdh!vnttkvtwvyt!hnhyknsqfvmffde!hdawhyssvnvtrcs!mdvffapytr!!tlastnellsac,606,1
60,mlyihtc!lda!lyhgvtq!hsaitasgtdh!vnttkvtwvyt!hnhyknsqfvmffde!hdawlyssvnvtrcs!mdvlfapytr!!tlawtnellsac,608,5
59,mlyihtcylda!lyhgvtq!hsgitasgtdh!vnttkvtwvyt!hnhyknsqfvmffde!hdvwhyssvnvtrcs!mdvlfapytr!!tlawtnellsac,608,3
58,mlyihtcylda!lyhgvtq!hsgitasgtdh!vnttkvtwvyt!hnhyknsqfvmffde!hdvwhyssvnvtrcs!mdvlfapytr!!tlawtnellsac,608,1
57,mlyihtcylda!lyhgvtq!hsaitasgtdh!fnttkvtwvyt!hnhyknsqfvmffde!hdawhyssvnvtrcs!mdvlfapytr!!tlawtnellsac,608,1
56,mlyihtcylda!lyhgvtq!hsaitasgtdh!fnttkvtwvyt!hnhyknsqfvmffde!hdawhyssvnvtrcs!mdvlfapytr!!tlawtnellsac,608,3
55,mlyihtcylda!lyhgvtq!hsaitasgtdh!vnttkvtwvyt!hnhyknsqfvmffde!hdawhyssvnvtrcs!mdvlfapytr!!tlawtnellsac,608,5
331,mhvlhtrcmdgfvdvgvha!hddmtacgtd!cmngtihawmnicmhe!mneplalymegwmna!hyschhvcmsrcmya!mtlwmv!cmlewmdellhg!,668,270
307,mhvlhtrcmdgffdvgvya!hhditacgtd!cmngtihvwmnicmye!mnepfalymdgwmdv!hysclhvcmcscmya!mplwmv!cmlewkdellhg!,686,245
289,mpplhtpcmdgffdvgvya!hdamtacgtdrcmngtihvwmnicmne!mnesfalymdgwmna!hysclhvcmcpcmya!mplwmv!cmlewkdellhg!,684,226
292,mpplhtrcmdgffdvgvya!hdamtgcgtdrcmngtihvwmnicmne!mnesfalymdgwmna!hyswlhvcmcpcmya!mplwmv!cmlewkdellhg!,684,228
291,mpplhtrcmdgffdvgvyalhdamtacgtdrcmngtihvwmnicmne!mnepfalymdgwmna!hyswlhvcmcpcmya!mplwmv!cmlewkdellhg!,684,226
286,mpplhtrcmdgffdvgvya!hddmtargtdrcmygtihvwmnicmnecmnepfalymdgwmna!hysclhvclcpcmya!mplwmv!cmlewkhelfhg!,682,220
274,mpplhtrcmdglfdvgvye!lddmtacgtdrcmngtihvwmnrcmnvcmnepfalymdgwmna!hysclhvclcpymya!mplwmv!cmlewkdelfhg!,678,207
271,mpplhtrcmdgfidvgvye!lddmtacgtdrcmngtihvwmnicmnvcmnepfalymdgwmna!hyscfhvclcpymya!mplwmv!cmlewkdelfhe!,678,203
270,mppshtrcmdgfidvgvye!hddmtacgtdrcmngtihvwmnicmnecmneplalymdgwmna!hysclhvclcpymya!mplwmv!cmlewkdelfhg!,678,201
277,mpplhtrcmdgffddgvye!hddmtasgtdrcmngtihvwmnicmnecmnepfalymdgwmna!hysclhvclcpymya!mplwmv!cmlewkdelfhg!,680,207
276,mpplhtrcmdgffdvgvye!hydmtasgtdrcmngtihvwmnicmnecmnepfalymdgwmna!hysclhvclcpymya!mplwmv!cmlewkdelfhg!,680,205
224,mpplltrfmdgffhvgvhe!hnamtacgtdrcmngtihvwmnicmnqcmnepfalsmdgwmng!hyscvnvclsqymya!mplsmg!ctlawknelfhac,672,152
203,msplhsrfmdayfhvgvhe!hdamtacgtdrcmngtkhvwmniclnq!mnapfalfmdgwlngchyscfnvclyqymya!maswmv!ctlawknvlfhac,668,130
166,mshlhtrfidayfhvgvpq!hyamtangtdrcmnttkhtwmnichnqcmnaqfalfldewldgchyscvnvwlcrymya!massig!ctlawinelfhaw,656,92
179,mshlhtrfinayfhvgvpq!hyamtacgidrcmnstkhiwmkiclnqcmnaplslfmdgwldgchyscvnvclcrymya!massig!ctlawknelfhaw,658,104
178,mshlhtrfidayfhvgvpq!hyamtacgidrcmnstkhiwmkkclnqcmnaqlalfmdgwldgchyscvnvclcrymya!massig!ctlawknelfhaw,658,102
177,mshlhtrfidayfhvgvpq!hyamtacgidrcmnstkhiwmkiclnqcmnaqfslfmdgwldgchyscvnvclcrymya!massig!ctlawknvlfhaw,658,100
174,mshlhtrfidayfhvgvpq!hyamtacgtdrcmdstkhiwmniclkqwmnaqfalfmdewldgchyscvnvclcrymya!massig!ctlawknelfhaw,650,96
168,mshlhtrfidayfhvgvpq!hyamtangtdrcmnttkhtwmniclnqwmnaqfalfldewldgchyscvnvclcrymya!massig!ctlawinelfhaw,656,89
152,mshlhtrfiyayfhvgvpq!hyamtasgtdrcmnttkhtcmnpclnqcmnaqfalflye!hdgwhyscvhvclcrymyv!masstg!ctlawtnelfhaw,656,72
158,mshlhtrfidayfhvgvtq!hyamtasgtdrcmnttkhtwmntclnqcmnaqfafslye!hdgwhyscvnvclcrykye!masstg!ctlawknelfnaw,654,77
156,mshlhtrlidayfhvgitq!hyamtasgtdrcmnttkhtwmntclnqcmnaqfaflfde!hdgwhyscvnvclcrymye!masstg!ctlawknelfhaw,656,74
147,mshlhtrfidayfplgvtq!hyamtasgtdrcmnttkhtwmntclnqcmnaqfalfl!e!hdgwhyscvnvclcs!myv!masstg!ctlawknelfhaw,650,64
127,myylhtrlldayfhhgvtq!hyamtasgtdrcmnttkdtwiytglnqcknaqfalflye!hdawhyssvnvclcs!mdvlmasstslctlawtnelfnac,634,43
116,mcyfhtclldayfhhgvtq!hyamtasgtdrcmnttkdtwiytclnqcknaqfalffde!hdawhyscvnvclcs!mdvlmasyts!ctlawtnellnac,634,31
109,myyfhtclldaylhhgvtq!hyamtasgtdrcmnttkdtwiytclnqcknaqfvmffye!hdawhyssvnvclss!mdvlmpsyts!ctlawtnellnac,640,23
86,mlyfhtc!lgallyhgvpq!hyamtasgtdryvnttkdtwvytclnq!knaqfvmffye!hdawhyssvnvtrcs!mdvllapyts!ctlawtnellsac,622,1
95,mlyfhtc!ldaylyhgvtq!hyamtasgtdryvnttkdtwiytclnqyinaqfvmffye!hdawhnssvnvsrcs!mdvllapyts!ctlawtiellsac,622,7
96,mlyfht!!ldaylyhgvtq!hyamtasgtdryvnttkdtwiytclnqyinaqfvmffye!hdawhnssvnvsrcs!mdvllapyts!ctlawtnellsrc,624,7
94,mhyfhtc!ldaylyhgvtq!hyamtasgtdryvnttkdtwiytclnqyknaqfvmffye!qdawhyssvnvsrcs!mdvllapyts!ctlawtnellsrc,616,4
67,mlyihtc!ldaylhhrvtq!hsaitasgtdryvnttkdtwvytclnhyknaqffmffye!hdawhyssvnvtrcs!mdvlfapytr!!tlawtnellsac,604,24
72,mlyfhtc!ldaylhhgvtq!hsaitasgtdryvnttkdtwvytclnqyknaqfvmffde!hdawhyssvnvtrgs!mdvlfapyts!!tlawtnellsac,620,20
70,mlyihtc!ldaylyhgvtq!hsaitasgtdryvnttkdtwvytclnqyrnaqfvmffde!hdawhyscvnvtrcs!mdvllapyts!!tlawtnallspc,612,23
64,mlyihtc!lda!lyhgvtq!hsaitasgtdryvnttkdswvyt!lnlyknaqfvmffde!hdawhyssvnvtrcs!mdvlfapytr!!tlawtnellsvc,612,30
61,mlyihtc!lda!lyhgvtq!hsaitasgtdr!vnttkdtwvyt!lnhyknsqfvmffde!hdawhyssvnvtrcs!mdvlfapytr!!tlawtnellsac,610,34
62,mlhihtc!lda!lyhgvtq!hsaitasgtdryvnttkdtwvyt!lnhyknaqfvmffde!hdawhyssvnvtrcs!mdvlfapytr!!tlawtnellsac,612,34
63,mlyihtc!lda!lyhgvtq!hsaitasgtdryvnttkdtwvyt!lnhyknaqfvmffde!hdawhyssvnvtrcs!mdvlfapytr!!tlawtnellsac,612,34
65,mlyihtc!ldaylyhgvtq!hsaitasgtdryvnttkdtwvytclnhyknaqfvmffde!hdawhyssvnvtrcs!mdvlfapytr!!tlawtndllsac,604,33
66,mlyihtc!ldaylyhgvtq!hsaitasgtdryvnttkdswvytclnhyknaqfvmffde!hdawhyssvnvtrcs!mdvlfapytr!!tlawtnellsac,612,33
69,mlyihtc!ldaylyhgvtq!htaitasrtdryvnttkdtwvytclnqyknaqfvmffde!hdawhyssvnvtrcs!mdvlfapyts!!tlawtnellsac,612,31
68,mlyihtc!ldaylyhgvtq!hsaitasgtdryvnttkdtwvytclnqyknaqvvmffde!hdawhyssvnvtrcs!mdvlfapyts!!tlawtnellsac,610,33
71,mlyihtc!ldaylyhgvtq!hsaisasgtdryvnttkdtwvytclnqyknaqfvmffde!hdawhyssvnvtrcs!mdvlfapyts!!tlawtnellsac,612,31
73,mlyihtc!ldaylyhgvnq!hsaitasgtdryvnttkdtwvytclnqyknaqfvmffde!hdawhyssvnvtrcs!mdvlfapyts!!tlactnellsac,622,30
76,mlyfhtc!ldaylyhgvtq!hsamtasgtdryvnttkdtwvytclnqyknaqfvmffye!hdawhyssvnvtrcs!mdvlfapyts!ctlactnellsac,622,28
79,mldfhtc!ldaylyhgvaq!hsamtasgtdryvnttkvtwvytclnqyknaqfvmffye!hdawhyssvnvtrcs!mdvlfapyts!ctlawtnellsac,622,26
81,ml!fhtc!ldaylyhgvtq!hsaitasgtdryvnttkdtwvytclnqyknaqfvmffye!hdawhyssvnvtrcs!mdvlfapyts!ctlawtnellrac,622,25
87,mlyfhtc!ldaylyhgvtqwhsamtasgtdryvnttkdtwvytglnqyknaqfvmffye!hdawhyssvnvtrcs!mdvllapyts!ctlawtnellsac,612,20
91,mvyfltc!ldaylyhgvtq!hsamtasgtdryvnttkdtwiytclnqyknaqfvmffye!hdawhyssvnvsrcs!mdvllapyts!ctlawtnellsac,622,17
89,mlyfltc!ldaylyhgvtqwhsamtasgtdryvnttkdtwvytclnqyknaqfvmffye!hdawhyssvnvtrcs!mdvllapyts!ctlartnellsac,612,20
88,mlyfltc!ldaylyrgvtqwhsamtasgtdryvnttkdtwvytclnqyknaqfvmffye!hdawhyssvnvtrcs!mdvllapyts!ctlawtnellsac,622,22
90,mlyfhtc!ldaylyrgvtq!hsamtasgtdryvnttkdtwiytclnqyknaqfvmffye!hdawhyssvnvsrcs!mdvllapyts!ctlawtnellsac,622,21
83,mlyfhtc!ldaylyhgvtq!hfamtasgtdryvnttkdtwvytclnq!knaqfvmffye!hdawhyssvnvtrcr!mdvllapyts!ctlawtnellsac,622,29
85,mlyfhtc!ldaylyhgvtq!hsamtasgtdryvnttkdtwvytclnq!knaqfvmffye!hdawhyssvnvtrcs!mdvllapyts!ctlawtnellsac,622,28
84,mlyshtc!ldaylyhgvtq!hsamtasgtdryvnttkdtwvytclnq!knaqfvmffye!hdawhyssvnvtrcs!mdvllapyts!ctlawtnellsac,622,30
77,mlyshtc!ldaylyhgvaq!hsamtasgtdryvnttkdtwvytclnqyknaqfvmffye!hdawhyssvnvtrcs!mdvlfapyts!ctlawtnellsac,622,38
78,mlyfhtc!ldaylyhgvaq!hsaitasgtdryvnttkdtwvytclnqyknaqfvmffyg!hdawhyssvnvtrcs!mdvlfapyts!ctlawtnellsac,622,38
74,mlyfhtc!ldaylyhgvnq!hsaitasgtdryvnttkdtwvytclnqyknaqfvmffye!hdawhyssvnvtrcs!mdvlfapyts!ctlawtnellsac,622,43
80,mlyfhtc!ldaylyhgvtq!hsamtasgtdryvnttkdtwvytclnqyknaqfvmffye!hdawhyssvnvtrcs!mdvlfapyts!ctlawtnelliac,622,38
75,mlyfhtc!ldaylyhgvtq!hsamtasgtdryvnttkdtwvytclnqyknaqfvmffye!hdawhyssvnvtrcs!mdvlfapyts!ctlawtnellsac,622,44
82,mlyfhtc!ldaylyhgvtq!hsamtasgtdryvnttkdtwvytclnqyknaqfvmffye!hdawhyssvnvtrcs!mdvllapyts!ctlawtnellsac,622,38
92,mlyfhtc!ldaylyhgvtq!hyamtasgtdryvnttkdtwiytcliqyknaqfvmffye!hdawhyssvnvsrcs!mdvllapyts!ctlawtnellsac,616,29
93,mlyfhtcylda!lyhgvtq!hyamtasgtdryvnttkdtwiytclnqyknaqfvmffye!hdawhyssvnvsrcs!mdvllapyts!ctlawtnellsac,624,29
97,miyfhtc!ldaylyhgvtq!hyamtasgtdryvnttkdtwiytclnqyknaqfvmffye!hdawqycsvnvsrcs!mdvllapyts!ctlawtnellnac,618,26
101,miyfhtc!ldaylyhgvtq!hyamtasgtdryvnttkdtwiysclnqyknakfvmffye!hdawhyssvnvslcs!mdvllapyts!ctlawtnellnac,634,23
100,miyfhtc!ldaylyhgvtq!hyamtasgtdryvnttkdtwiytclnqyknakfvmffye!hyawhyssvnvslcs!mdgllapytn!ctlawtnellnac,634,25
98,miyfhtc!ldaylyhgvtq!hyvmtasgtdryvnttkdtwiytchnqyknaqfvmffye!hyawhyssvnvslcs!mdvllapyts!ctlawtnellnac,634,28
99,miyfhtc!ldaylyhgvtq!hyvmtasgtdryvnttkdtwiytclnqyknaqfvmffye!hyawhyssvnvslcs!mdvllapyts!ctlawtnellnac,634,28
103,mfyfhtc!ldaylyhgvtq!hyamtasgtdrymnttkdswiytclnqyknaqfvmffye!hyawhyssvnvslcs!mdvllapytn!ctlawtnellnec,636,25
102,mfyfhtc!ldaylyhgvtq!hyamtasgtdrymnttkdtwiytclnqyknaqfvmffye!hyawhyssvnvslcs!mdvllapytn!ctlawtnellnac,636,27
105,mfyfhtclldaylyhgvtq!hyamtasgtdrcmnttkdtwiytclnqcknaqfvmffye!hdawhyssvnvslcs!myvllapytn!ctlawtnellnac,638,25
107,mfyfhtclldaylyhgvsq!hyamtasgtdrcmnttkdtwiytclnqcknaqfvmffye!hdawhyssvnvslcs!mdvllapyts!ctlawtnellyac,638,24
106,mlyfhtclldaylyhgvtq!hyamtasgtdrcmnttkdtwiytclnqcknaqfvmffye!hdawhyssvnvslcs!mdvllapyts!ctlawtnellnac,630,26
104,mfyfhtclldaylyhgvtq!hyamtasgtdrcmnttkdtwiytclnqcknaqfvmffye!hdawhyssvnvslcs!mdvllapyts!ctlawtnellnac,638,29
111,myyfhtclldaylhhgvtq!hyamtasgtdrcmnttkdtwiytclnqcknaqfamffye!hdawhyssvnvslcs!mdvlmasyts!ctlawtnellnac,640,23
108,myyfhtclldaylhhgvtq!hyamtasgtdrcmnttkdtwiytclnqcknaqfvmffde!hdawhyssvnvslcs!mdvllasyts!ctlawtnellnac,638,27
113,myyfhtclldaylhhgvtq!hyamtasgtdrcmnttkdtwiytclnqcknaqfamffde!qdawhyssvnvclcs!mdvlmasyts!ctlawtnellnac,634,23
110,myyfhtclldaylhhgvtq!hyamtasgtdrcmnttkdtwiytclnqcknaqfvmffde!hdawhyssvnvclcs!mdvlmasyts!ctlawtnellnac,640,27
112,myyfhtclldaylhhgvtq!hyamtasgtdrcmnttkdtwiytclnqcknaqfamffde!hdawhyssvnvclcs!mdvlmasyts!ctlawtnellnac,642,26
114,myyfhtclldaylhhgvtq!hyamtasgtdrcmnttkdtwiytclnqcknaqfamffye!hyawhyssvnvclcs!mdvlmasytskctlawtnellnac,642,25
115,myyfhtclldaylhhgvtq!hyamtasgtdrcmnttkdtwiytclnqcknaqfalffye!hdawhyssvnvclcs!mdvlmasyts!ctlawtnellnac,642,25
117,myyfhtclldvyfyhgvtq!hyamtasgtdrcmnttkdtwiytclnqwknaqfalffye!hdawhyscvnvclcs!mdvlmasyis!ctlawtnelpnac,626,24
118,myyfhtclldayfhhgvtq!hyamtasgtdrcmnttkdtwiytclnqwknaqfalffye!hdawhyscvnvclcs!mdvlmassts!ctlawtnelfnac,644,24
123,myyfhtclldayfhhgvtq!hyamtasgtdrcmnttkdtwiytclnqcknaqfalflye!hdawhyscvnvclcs!mdvlmassts!ctlawtdellnac,644,20
124,myyfhtclldayfhhgvtq!hyamtargtdrcmnttkdtwiytclnqcknaqfalflye!hdawhyscvnvclcs!mdvlmassts!ctlawtdellnac,644,20
128,myylhtclldayfhygvtq!hyamtargtdrcmnttkhtwiytclnqcknaqfalflye!hdawhyscfnvclcs!mdvlmassts!ctlawtnellnac,644,17
125,myyfhtclldayfhygvtq!hyamtasgtdrcmnttkhtwiytclnqcknaqfalffye!hdawhyscvnvclcn!mdv!mpssts!ctlawtnelfnac,644,21
122,myyfhtclldayfhhgvtq!hyamtasgtdrcmnttkdtwiytclnqcknaqfalffye!hdawhyycvnvclcs!mdvlmpsstssctlawtnelfnac,644,25
119,myyfhtclldayfhhgvtq!hyamtasgtdrcmnttkdtwiytclnqcknaqfalffye!hdawhyscvnvclcs!mdvlmasyts!ctlawtnelfnac,644,29
121,myyfhtc!ldayfhhgvtq!hyamtasgtdrcmnttkdtwiytclnqcknaqfalffye!hdawhyscvnvclcs!mdvlmassts!ctlawtnelfnac,644,28
120,myyfhtclldayfhhgvtq!hyamtasgtdrcmnttkdtwiytclnqcknaqfalffye!hdawhyscvnvclcs!mdvlmassts!ctlawtnelfnac,644,30
129,myylhtclldayfhhgvtq!hyamtasgtdrcmnttkhtwiytclnqcknaqfalflye!hdawhyscvnvclcs!mdvlmassts!ctlawtnelfnac,644,22
126,msylhtrlldayfhhgvtq!hyamtasgtdrcmnttkhtwiytclnqcknaqfalflye!hdawhyscvnvclcs!mdvlmassts!ctlawtnelfnac,644,26
131,msylhtrfidayfhhgvtq!hyamtasgtdrcmnttkhtwmytclnqcknaqfalflye!hdawhyscvnvclcs!mdvlmassts!ctlawtnelfnaw,646,22
130,msylhtrfidayfhhgvtq!hyamtasgtdrcmnttkhtwmytclnqcknaqfalflye!hdawhyscvnvclcs!mdvlmassts!ctlawtnelfnaw,646,24
135,msylhtrfidayfhhgvtq!hyamtasgtdrcmnttkhtwmytclnqcknaqfalflye!hdawhyscvnvclcs!myvlmassts!ctlawtnerfnaw,638,20
134,msylhtrfidayfhhgvtq!hyamtasgtdrcmnntkhtwmytclnqcknaqfalflya!hdawhyscvnvclcs!myvlmassts!ctlawtnelfnaw,644,22
136,msylhtrfidayfhhgvtq!hyamtasgtdrcmnntkhtwmytclnqcknaqfalflye!hdawhyscvnvclcs!myvlmassts!ctlawtnelfnaw,646,21
132,msylhtrfidayfhhgvtq!hyamtasgtdrcmnttkhtwmytclnqcknaqfalflye!hdawhyscvnvclcs!myvlmassts!ctlawtnelfnaw,646,26
133,msylhtrfidayfhhgvtq!hyamtasgtdrcmnttkhtwmytclnqcknaqfalflye!hdawhyscvnvclcs!myvlmassts!ctlawtnelfnaw,646,26
137,msylhtryidayfhlgvtq!hyamtasgtdrcmnttkhtwmytclnqcknaqfalflye!hdawhyscvnvclcs!myvlmassts!ctlawtnelfhaw,646,23
138,msylhtrfidayfhlgvtq!hyamiasgtdrcmnttkhtwmntclnqcinaqfalflye!hdawhyscvnvclcs!myv!masstg!ctlgwtnelfhvw,646,23
142,msylhtrfidayfhlgvtq!hyamtasgtdrcmnttkrtwmntclnqcinaqfalflye!hdawhyscvnvclcr!myv!masstg!ctlawtnelfnaw,648,20
144,msylhtrfidayfhlgvtq!hyamtasgtdrcmnttkhtwmntclnqcinaqfalflye!hdawhyscvnvclcs!myv!masstg!ctvawtnelfnaw,648,19
139,msylhtrfidayfhlgvtq!hyamtasgtdrcmnttkhtwmntclnqcinaqfalflye!hdawhyscvnvclcs!myv!masstg!ctlawtnelfnaw,648,25
141,msylhtrfidayfhlgvtq!hyamtasgtdrcmnttkhtwmntclnqcinaqfalflye!hdawhyscvnvclcs!myv!masstg!ctlawtnelfhaw,648,24
140,msylhtrfidayfhlgvtq!hyamtasgtdrcmnttkhtwmntclnqcinaqfalflye!hdawhyscvnvclcs!myv!masstg!ctlawtnelfhaw,648,26
143,msylhtrfidayfhlgvtq!hyamtasgtdrcmnttkhtwmntclnqcinaqfalflye!hdawhyscvnvclcs!myv!masstgsctlawtnelfhaw,648,24
148,mshlhtrfidayfhlgvtq!hyamtasgtdrcmnttkhtwmntclnqcmnaqfalflye!hdawhyscvnvclcs!myv!masstg!ctlawknelfhaw,654,20
145,mshlhtrfidayfhlgvtq!hyamtasgtdrcmnttkhtwmntclnqcmnaqlalflye!hdawhyscvnvclcr!myv!masstg!ctlawtnelfhaw,650,24
146,mshlhtrfidayfhlgvtq!hyamtasgtdrcmnttkhtwmntclnqcmnaqfalflye!hdawhyscvnvclcr!myv!masstg!ctlawtnelfhaw,650,24
154,mshlhtrsihayfhvgvtq!hyamtasgtdrcmnttkhtwmntclnqcmnaqfalflyewhdgwhyscvtvclcrymyv!masstg!ctlawtnelfhaw,654,17
155,mshlhtrfihayfhvgvtq!hyamtasgtdrcmnttkhtwmntclnqcmnaqfalflyewhdgwhyscvnvclcrymyv!masstg!ctlawthelfhaw,656,17
151,mshlhtrfidayfhvgvtq!hydmtasgtdrcmnttkhtwmntclnqcmnaqfalflye!hdgwhyscvnvclcrymyv!masstg!ctlawtnelfhaw,656,22
150,mshlhtrfidayfhvgvaq!hyamtasgtdrcmnttkhtwmntclnqcmnaqfalflye!hdgwhyscvnvclcrymyv!masstg!ctlawtnelfhaw,656,24
149,mshlhtrfidayfhvgvtq!hyamtasgtdrcmnttkhtwmntclnqcmnaqfalflye!hdgwhyscvnvclcrymyv!masstg!ctlawtnelfhaw,656,26
153,mshlhprfidayfhvgvtq!hyamtasgtdrcmnttkhtwmntclnqcmnaqfalflye!hdgwhyscvnvclcrymyv!masstg!ctlawknelfhaw,656,23
162,mshlhtpfidayfhvgvpq!hyaitacgtdrcmnttkhtwmniclnqcmnaqfalflyewldgwhyscvnvclcrymyv!masstg!ctlawknelfhaw,656,15
159,mshlhtrfidayfhvgvpq!hyaitasgtdrcmnttkhtwmntclnqcmnaqfalflye!ldgwhyscvnvclcrymyv!masssg!ctlawknelfhaw,648,19
160,mshlhtrfidayfhvgvtq!hyaitasgtdrcmnttkhtwmniclnqcmnaqfalllye!ldgwhyscvnvclcrymyv!masstg!ctlawkhelfhaw,656,19
157,mshlhtrfidayfhvgvtq!hyamtasgtdrcmnttkhtwmntclnqcmnaqfalflye!ldgchyscvnvclcrymyv!masstg!ctlawkhelfhaw,656,23
161,mshlhtrfidayfhvgvtq!hyamtacgtdrcmnttkhtwmntclnqcmnaqfalslde!hdgchyscvnvclcrymya!masstg!ctlawkhelfhaw,656,20
163,mshlhtrfidayfhvgvtq!hyamtacgtdrcmnttkhtwmniclnqcmnaqfalflde!hdgchyscvnvclcrymya!masstg!ctlawkhelfhaw,656,19
164,mshlhthfidayfhvgvtq!hyamtacgtdrcmnttkhtwmnichnqcmnaqfalflde!ldgchyscvnvclcrymya!masstg!ctlawkhelfhaw,656,19
165,mshihthfidayfhvgvtq!hyamtasgtdrcmnttkhtwmniclnqcmnaqfalfldewldgchyscvnvclcrymya!masstg!ctlawknelfhaw,656,19
167,mshlhtrfidayfhvgvpq!hcamtasgtdrcmnstkhtwmniclnqcmnaqfalfldewldgchyscvnvclcrymya!masstg!ctlawknelfhaw,654,18
169,mshlhtrfidayfhvgvpq!hyamtasgtdrcmnttkhswmnichnqcmnaqfalfldewldgchyscvnvclcrymya!masstg!ctlawknelfhaw,656,17
171,mshlhtrfidayfhvgvpq!hyamtacgtdrcmnstkhiwmnichnqcmnaqfalfldewldgchyscvnvclcrymya!massig!ctlawkhelfhaw,656,16
176,mshlhtrfidayfhvgvpq!hyaitacgtdrcmistkhiwmniclnqcmnaqfalfmdewldgchyscvnvclsrymya!massig!ctlawknelfhaw,658,12
173,mshlhtrfidayfhvgvpq!hyamtacgtdrcmistkhiwmniclnqcmnaqfalfmdewldgchyscvnvclcrymya!massig!ctlawknelfhaw,658,16
172,mshlhtrfidayfhvgvpq!hyamtacgtdrcmnstkhiwmnkclnqcmnaqfalfmdewldgchyscvnvclcrymya!massig!ctlawknelfhaw,658,18
170,mshlhtrfidayfhvgvpq!hyamtacgtdrcmnstkhiwmniclnqcmnaqfalfldewldgchyscvnvclcrymya!massig!ctlawknelfhaw,656,21
175,mshlhtrfidayfhvgvpq!hyamtacgtdrcmnstkhiwmniclnqcmnaqfalfmdewldgchyscvnvclcrymya!massig!ctlawknelfhaw,658,17
193,mpplhtrfmdayfhggvhe!hyamtdcgtdrcmngtkhvwmnicvnq!mnapfa!fmdgwlngchyscvnvclcqymya!massmg!ctlawknelfhaw,668,0
194,mpplhtrfmdayfhggvhe!hyamtdcgtdrcmngtkhvwmnicvnq!mnapfayfmdgwlngchyscvnvclcqymya!massmg!ctlawknelfhaw,668,0
195,mpplhtrfmdayfhggvhe!hyamtdcgtdrcmngtkhvwmnicvnqrmnapfa!fmdgwlngchyscvnvclcqymya!massmg!ctlawknelfhaw,666,0
192,mpplhtrfmdayfhvgvhe!ryamtacgtdrcmngtkhvwmnicvnq!mnapfalfmdgwlngchyscvnvclcqymya!massmg!ctmawknelfhaw,660,4
199,msplhprfmdayfhvgvhe!hyamtacgtdrcmngtkhvwmyiclnqcmnepfalfmdgwln!chyscvnvclcqymya!massmglctlawknelfhaw,666,2
185,msplhtrfmdayfhvgvhq!hyamtpcgtdrcmnstkhvwmniclnqcmnapfalymdgwldgchylcvnvclcqymya!mawsmg!ctlawknelfhaw,664,13
187,msplhtrfmdayfhvgvrq!hyamtacgtdrcmngtkhvwmniclnqcmnapfalfmdgwldgrhyscvnvclcqymya!massmg!ctlawknelfhaw,656,12
188,mstlhtrfmdayfhvgvhq!hyamtacgtdrcmngtkhvwmniclnqcmnapfalfmdgwldgchyscvnvclcqymya!massmg!ctlawknelfhaw,666,12
182,msplhtrfmdayfhvgvpq!hyamtacgtdrcmnstkhvwmniclnqcmnapfalfmdgwldgchy!cvnvclcqymya!massmg!ctlawkhelfhaw,664,19
184,msplhtrfmdayfhvgvpq!hyamtacgtdrcmnstkhvwmniclnqcmnapfalfmdgwldgchyscvnvclcqymya!massmg!ctlawinelfhaw,664,18
181,msplhtrfmdayfhvgvpq!hyamtacgtdrcmnstkhiwmniclnqcmnapfalfmdgwldgchyscvnvclcqymya!massmg!ctlawknelfhaw,662,22
180,msplhtrfmdayfhvgvpq!hyamtacgtdrcmnstkhiwmniclnqcmnapfalfmdgwldgchyscvnvclcqymya!massmg!ctlawknelfhaw,662,24
186,msplhtrfmdayfhvgvhq!hyamtacgtdrcmnstkhvwmniclnqcmnapfalfmdgwldgchyscvnvclcqymya!massmg!ctlawknelfhaw,664,19
183,msplhtrfmdayfhvgvhq!hyamtacgtdrcmnstkhvwmniclnqcmnapfalfmdgwldgchyscvnvclcqymya!massmg!ctlawknelfhaw,664,23
196,msplhtrfmdayfhagvhe!hyamtacgtnrcmngtkhvwmniclnq!mnapfalfmdgwlngchyscvnvclcqymya!maswmg!ctlawknelfhaw,660,11
198,mpplhtrfmdayfhvgvhe!hyamtacgtdrcmngtkhvwmniclnq!mnapfalfmdgwlngchyscvnvclcqymya!maswmg!ctlawknelfhaw,668,10
201,msplhsrfmdayfhvgvhe!hyamtacgtdrcmngtkhvwmniwlnq!mnapfalfmdgwlngchyscvnvclcqymya!massmg!ctlawknelvhac,668,8
189,msplhtrfmdayfhvgvhe!hyamtacgtdrcmngtkhvwmniwvnq!mnapfalfmdgwlngchyscvnvclcqymya!massmg!ctlawknelfhaw,668,21
190,msplhtrfmdayfhvgvhe!hyamtacgtdrcmngtkhvwmniwvnq!mnapfalfmdgwlngchyscvnvclcqymya!massmg!ctlawknelfhaw,668,21
197,msplhtrfmdayfhvgvhe!hyamtacgtdrcmngtkhvwmnicvnq!mnapfalfmdgwlngchyscinvclcqymya!massmg!ctlawknelfhaw,668,15
191,msplhtrfmdayfhvgvhe!hyamtacgtdrcmngtkhvwmniclnq!mnapfalfmdgwlngchyscvnvclcqymya!massmg!ctlawknelfhaw,668,22
204,msplhsrfmdayfhvgvhe!hyamtacgtdrcmngtkhvwmniclnq!mnepfalfmdgwlngchyscvnvclcqymya!massmv!ctlawknehfhac,668,10
202,msplhsrfmdayfhvgvhe!hyvmtacgtdrcmngtkhvwmniclnq!mnapfalfmdgwlngchyscvnvclcqymya!maswmv!ctlawknelfhac,666,13
200,msplhtrfmdayfhvgvhe!hyamtacgtdrcmngtkhvwmniwlnq!mnepfalfmdgwlngchyscvnvclcqymya!maswmv!ctlawknelfhac,668,16
207,mpplhtrfmdayfhvgvhe!hdamtacgtdrcmngtkhvwmniwmnq!mnepfalfmdgwlngchyscvnvclcqymya!massmc!ctlawknelfhac,670,10
211,mpplhtrfmdaffhvgvhe!hdamtacgtdrcmngtknvwmniwmnq!mnepfalcmdgwlngchyscvnvclcqymya!massms!ctlawkyelfnac,670,7
212,mpplhtrfmnaffnvgvhe!hdamttcgtdrcmngtkhvwmniwmnq!mnepfalcmdgwlngchyssvnvclcqymya!massmg!ctlawkyelfhac,668,7
210,mpplhtrfmdaffhvgvhe!hdamttcgtdrcmngtkhvwmniwmnq!mnepfalcmdgwlngchyscvnvclcqymya!massmg!ctlawkyelfhac,670,10
206,mpplhtrfmdayfhvgvhe!hdamtacgtdrcmngtkhvwmniwmnq!mnepfalcmhgwlngchyscvnvclcqymya!massmg!ctlawknelfhac,670,15
209,mpplhtrfmdayfhvgvhe!hdamtacgtdrcmngtkhvwmniwmnq!mnepfalcmdgwlngchyscvnvclcqymya!massmg!ctlawknelfhac,670,13
205,mpplhtrfmdayfhvgvhe!hdamtacgtdrcmngtkhvwmniwinq!mnepfalfmdgwlngchyscvnvclcqymya!massmg!ctlawknelfhac,668,18
208,mpplhtrfmdayfhvgvhe!hdamtacgtdrcmngtkhvwmnicmnq!mnepfalfmdgwlngchyscinvclcqymya!massmg!ctlawknelfhac,670,16
217,mpplhtrfmdaffhvwvhe!hdamtacgtdrcmngtihvwmnicmnqcmnepfalsmdgwmngchyscvnvclcqymya!mpssmg!ctla!knelfhac,672,8
216,mpplhtrfmdaffhvwvhe!hdamtacgtdrcmngtihvwmnicmnqcmngpfalsmdgwmngchyscvnvclcqymya!mpssmg!ctlawknelfhac,672,10
218,mpplltrfmdaffhvgvhe!hdamtacgtdrcmngtihvwmnicmnq!mnepfalsmdgwmngchyscvnvclcqymya!mpssmg!ctlawknelfhac,672,9
215,mpplhtrfmdayfhvgvhe!hdamtacgtdrcmngtihvwmnicmnq!mnepfalsmdgwmngchyscvnvclcqymya!mpssmg!ctlawknelfhac,672,13
213,mpplhtrfmdaffhvgvhe!hdamtacgtdrcmngtihvwmnicmnq!mnepfalsmdgwmngchyscvnvclcqymya!mpssmg!ctlawknelfhac,672,16
214,mpplhtrfmdaffhvgvhe!hdamtacgtdrcmngtihvwmnicmnq!mnepfalsmdgwmngchyscvnvclcqymya!mpssmg!ctlawknelfhac,672,16
238,mpplhtrfmdgffhvgvhe!hdamttcgtdrcmngtihvwmnicmyqcmnepfalsmdewmng!hyscfnvclceymya!mplsmg!cilawkdelfhac,672,7
236,mpplhtrfmdgffhvgvhe!hdamttcgtdrcmngtihvwmnicmyqcmnepfalsmdewmna!hyscvnvclcqymya!mplsmg!cilawknelfhac,672,4
239,mpplhtrfmdgffhvgvhe!hdamkacgtdrcmngtihvwmnicmyqcmnepfalsmhewmnachyscvnvclcqymya!mplsmgecilawknelfhac,672,6
240,mpplhtrfmdgffhvgvhd!hdamtacgtdrcmngtihvwmnicmyqcmnepfalsmdewmngchyscvnvclcqymya!mplsmvecilewknelfhac,672,6
237,mpplhprfmdgffhvgvhelhdamtacgtdrcmngtihvwmnicmnqcmnepfalsmdewmngchy!cvnvclcqymya!mplsmg!cilewknelfhac,672,2
235,mpplhprfmdgffhvgvhe!hdaitacgtdrcmngtihvwmnicmnqcmnepfalsmdgwmngchyscvnvclcpymya!mplsmg!cilewknelfhac,672,1
232,mpplhtrfmdgffhvgvhe!hdamtalgtdrcmngtihvwmnicmnqcmnepfplsmdgwmngchyscvnvclckymya!mplsmg!cilawknelfhac,672,5
233,mpplhtrfmdgffhvgvhe!hdamtafgtdrcmngtihvwmnicmnqcmnepfalsmdgwmnachyscvnvclcqymya!mplsmg!cilawknelfhac,672,5
230,mpplhtrfmdgffhvgvhe!hdamtdcgtdrcmngtihvwmnicmnqcmnepfalsmdgwmng!hyscvnvclcqsmya!mplsmg!cilawknelfhac,672,9
229,mpplhtrfmdgffhvgvhe!hnamtacgtdrcmngtihvwmnicmnqcmnepfa!smdgwmng!hnscvnvclcqymya!mplsmg!cilawknelfhac,672,11
225,mpplhtrfmdgffhvgvhe!hnamtacgtdrcmngtihvwmnicmnqcmnepfalsmdgwmng!hnscvnvclsqymya!mplsmg!ctlawknelfhac,672,16
227,mpplhtrfmdgffhvgvhe!hnamtacgtdrcmngtihvwmnicmnqcmnepfalsmdgwmng!hhscvnvclsqymya!mplsmg!ctlawknelfhac,672,15
228,mpplhtrfmdgffhvgvhe!hnamtacgtdrcmngtihvwmnicmnqcmnepfalsmdgwmngchyscvnvclsqymya!mplsmg!ctlawknelfhac,672,15
220,mpplltrfmdgffhvgvhe!hdamtacgtdrcmngtihvwmnicmnqcmnepfalsmdgwmngchyscvnvclcqymya!mplsmg!calawknelfhac,664,24
219,mpplltrfmdgffhvgvhe!hdamtacgtdrcmngtihvwmnicmnqcmnepfalsmdgwmngchyscvnvclcqymya!mplsmg!ctlawknelfhac,672,26
226,mpplhtrfmdgffhvgvhe!hdamtacgtdrcmngtihvwmnicmnqcmnepfalsmdgwmngclyscvnvclckymya!mplsmg!ctlawknelfhac,672,20
221,mpplhtrfmdgffhvgvhe!hdamtacgtdrcmngtihvwmnicmnqcmnepfalsmdgwmngchyscvnvcvckymya!mpssmg!ctlawknelfhac,672,26
222,mpplhtrfmdgffhvgvhe!hdamtacgtdrcmngtihvwmnicmnqcmnepfalsmdgwmngchyscvnvcvckymya!mplsmg!ctlawknelfhac,672,26
223,mpplhtrfmdgffhvgvhe!hdamtacgtdrcmngtihvwmnicmnqcmnepfalsmdgwmngchyscvnvclckymya!mplsmg!ctlawknelfhac,672,26
231,mpplhtrfmdgffhvgvhe!hdamtacgtdrcmngtihvwmnicmyqcmnepfalsmdgwmng!hyscvnvclcqymya!mplsmg!cilawknelfhac,672,19
234,mpplhtrfmdgffhvgvhe!hdamtacgtdrcmngtihvwmnicmyqcmnepfalsmdgwmnachyscvnvclcqymya!mplsmg!cilawknelfhac,672,17
246,mpplhtrcmdgffhvgvye!hdamtacgtdrcmngtihawmnicmnecmnepfslsmdgwmna!hyscvhvwlcqyiya!mpqsmv!cilewknelfhac,672,6
245,mpplhtrcmdgffhvgvye!hdamiacgtdrcmngtihvwmnicmnecmnepfalsmdgwmna!hyscvhvclcqymya!mplsmv!cilewknelfha!,674,8
255,mpplhtrcmdgffhvgvye!hdamtacgtdrcmngtihawmnicmnecmnepfa!smdgwmna!hyscvhvclcrymya!mplsmv!cile!knelfhac,674,1
258,mpplhtrcmdgffdvgvye!hdamtacgtdrcmngtihawmnicmnecmdepfalsmdgwmna!hyscvhvclrrymya!mplwmv!cmlewkdelfhgc,676,3
256,mpplhtrcmdgffhvgvye!hdamtacgtdrcmngtihawmnicmnecmnepfalsmdgwmsa!hyscfhvclcrymyacmplwmv!cilewkdelfhac,672,0
252,mpplhtrcmdgffhvgvye!haamtscgtdrcmngtihawmnicmnecmnepfalsmdgwmna!hyscfhvclcrymya!mplsmv!cilewknelfhac,672,5
253,mpplhtrcmdgffhvgvye!hdamtscgtdrcmngtihawmnicmnecmnepfa!smdgwmna!hyscfhvclcrymya!mplsmv!cilewknelfhac,674,5
248,mpplhtrcmdgffhvgvye!hdamtacgtdrcmngtihvwmnicmnecmnepfawsmdgwmna!hyscvhvclcrymya!mplsmd!cilewknelfhac,674,11
249,mppihtrcmdgffhvgvye!hdamtacgtdrcmngsihvwmnicmnecmnepfalsmdgwmna!hyscvhvclcrymya!mpqsmv!cilewknelfhac,674,11
251,mpplhtrcmdgffhvgvye!hdamtacgkdrcmngtihvwmnicmnecmnepfalsmdgwmna!hyscvhvclcrymya!mplsmv!cilewknelfhac,674,10
242,mpplhtrcmdgffhvgvye!hdamtacgtdrcmngtlhvwmnicmnecmnepfalsmdgwmna!hyscvhvclcqylya!mplsmv!cilewknelfhac,672,20
247,mpplhtrcmdgffhvgvye!hdamtacgtdrcmngtihawmnicmnecmnepfalsmdgwmna!hyscvhvclcqymya!mplsmv!cilewknelfhac,674,16
241,mpplhtrcmdgffhvgvye!hdamtscgtdrcmngtihvwmnicmnecmnepfalsmdgwmna!hyscvhvclcqymya!mplsmv!cilewknelfhac,674,23
244,mpplhtrcmdgffhvgvye!hdamtacgtdrcmngtihvwmnicmnecmnepfalsmdgwmna!hyscvhvclcqymya!mplsmv!cilewknelfhac,674,21
243,mpplhtrcmdgffhvgvye!hdamtacgtdrcmngtihvwmnicmnecmnepfalsmdgwmna!hyscvhvclcrymya!mplsmv!cilewknelfhac,674,23
254,mpplhtrcmdgffhvgvye!hdamtacgtdrcmngtihvwmnicmnecmnepfalsmdgwmna!hyscvhvclcrymya!mplwmv!cilewknelfhac,674,13
250,mpplhtrcmdgffhvgvye!hdamtacgtdrcmngtihawmnicmnecmnepfalsmdgwmna!hyscvhvclcrymya!mplwmv!cilewknelfhac,674,18
257,maplhtrcmdgffdvgvye!hdamtacgtdrcmngtihawmnicmnecmnepfalsmdgwmna!hyscfhvclcqymya!mplwmv!cmlewknelfhgc,676,12
266,mpplhtrcmhgcfdvglye!hddmtacgtdrcmngtihawmnicmnecrnepfalsmdgwmna!hyscfhvclcrymya!mplwmv!cmlewkdelfhgc,668,4
268,mpplhtrcmdgfidvglye!hddmtacgtdrcmngtihacmnicmnecmnepfalsmdgwmna!hyscfhvclcrymya!mplwmv!cmlewkdelfhgc,678,3
269,ipplhtrcmdgffdvgvye!hddmtacgtdrcmngtkhawmnicmnecmnepfalsmdgwmda!hysclhvclcrym!a!mplwmv!cmlewkdelfhgc,666,3
261,mpalhtrcmdgffdvgvyeyhddmtpcgtdrcmngtihawmnicmnecmnapfalsmdgwmna!hyscfhvclcrylha!mplwmg!cmlewkdelfhgc,676,12
260,mpplhtrcmdgffdvgvye!hddmtacgtdrcmngtihawmnicmnecmnepfalsmdgwmna!hyscfhvclc!ymya!mplwmg!cmlewkdelfhgc,678,14
264,mpplhtrcmdglfdvgvye!hddmtacgtdrcmngtihawmnicmnecmnepfalsmdgwmna!hyscfhvclcrymya!mplwmv!smlewkdelfhgc,676,11
259,mpplhtrcmdgffdvgvye!hddmtacgtdrcmngtihawmnicmnecmnepfalsmdgwmna!hyscfhvclcrymya!mplwmv!fmlewkdelfhgc,676,17
262,mpplhtrcmdgffdvglye!hddmtacgtdrcmngtihawmnicmnecmnepfalsmdgwmna!hyscfhvclcrymya!mplwmv!cmlewkdelfhgc,678,15
263,mpplhtrcmdgffdvglye!hddmtacgtdrcmngtihawmnicmnecmnepfalsmdgwmna!hyscfhvclcrymya!mplwmv!cmlewkdelfhgc,670,15
265,mpplhtrcmdglfdvgvye!hddmtacgtdrcmngtihawmnicmnecmnepfalsmdgwmna!hyscfhvclcrymya!mplwmv!cmlewkdelfhgc,678,14
267,mpplhsrcmdglfdvgvye!hddmtacgtdrcmngtihvwmnicmnecmnepfalsmdgwmna!hyscfhvclcrymya!mplwmv!cmlewkdelfhgc,678,13
272,mpplhtrcmdglfdvgvye!hddmtacgtdrcmngtihvwmnicmnecmnepfalymdgwmna!hysclhvclcrymya!mplwmv!cmlewkdelfhgc,678,9
275,mpplhtrcmdglidvgvye!hddmtacgtdrcmhgtihvwmnicmnecmnepfalymdgwmna!hyscfhvclcpymya!mplwmv!cmlewkdelfhgc,678,7
273,mpplhtrcmdglfdvgvye!hddmtacgtdrcmngtihvwmnicmnecmnepfalymdgwmna!hyscfhvclcphmya!mplwmv!cmlewkdelfhg!,678,10
282,mptlhtrcmdgffdvgvya!hddmtacgtdrcmngtihvwmnicmnecmnepfalymdgwmna!hysclhvclcpcmya!mplwmv!cmlewkdelfhg!,682,2
280,mptlhtrcmdgffdvgvye!hddmtacgtdrcmngtihvwmnicmnecmnepfalymdgwmna!hysclhvclcpcmya!mplwmv!cmlewkdelfhg!,682,5
278,mptlhtrcmdgffdvgvye!hddmtacgtdrcmngtihvwmnicmnecmnepfalymdgwmna!hysclhvclcpcmya!mplwmv!cmlewkdelfhg!,682,8
279,mptlhtrcmdgffdvgvye!hddmtacgtdrcmngtihvwmnicmnecmnepfalymdgwmna!hysclhvclcpcmya!mplwmv!cmlewkdelfhg!,682,8
283,mpplhtrcmdgffdvgvye!hddmtacgtdrcmngtihvwmnicmdecmnepfalymdgwmna!hysclhvclcpcmya!mplwmv!cmlewkdelfhg!,682,5
281,mpplhtrcmdgffdvgvye!hddmtacgtdrcmngtihvwmnicmnecmnepfalymdgwmna!hysclhvclcpcmya!mplwmv!cmlewkdelfhg!,682,8
285,mpplhtrcmdgffdvgvya!hddmtacgtdrcmngtihvwmnicmnecmnepfalymdgwmna!hysclhvclcpcmyp!mplwmv!cmlewkdelfhg!,680,5
284,mpplhtrcmdgffdvgvya!hddmtacgtdrcmngtihvwmnicmnecmnepfalymdgwmna!hysclhvclcpcmya!mplwmv!cmlewkdelfhg!,682,7
287,mpplhtrcmdgffdvgvya!hddmtacgtdrcmngtihvwmnicmnecmnepfalymdgwmna!hysclhvclcpcmya!mplwmv!cmlewkdelfhg!,682,5
293,mpplhtrcmdgffdvgvyashddmtacgtdrcmngtihvwmnicmne!mnepfalymdgwmng!hysclhvcmcpcmya!mplwmv!cmlewkdellhg!,684,0
290,mpplhtrcmdgffdvgvya!hddmtacgtdrcmngtihvwmnicmne!mnepfalymdgwmna!hysclhvcmcpcmya!mplwmv!cmlewkdellhg!,684,4
288,mpplhtrcmdgffdvgvya!hddmtacgtdrcmngtihvwmnicmne!mnepfalymdgwmna!hysclhvcmcpcmya!mplwmv!cmlewkdellhg!,684,7
296,mhalhtrcmdgffdvgvya!hhdmtacgtdrcmngtihvwmnicmne!mnepfalymdgwmna!hyschhvcmcpwmya!mplwmv!cmlewkdellhg!,686,0
316,mhvlhtrcmdgfvdvgvha!hhditacgtd!cmngtihvwmnicmhe!mnepfalymdgsmna!hyschhvcmcpcmya!mplcmv!cmlewkdehlhg!,684,19
324,mhvlhtrcmdgfvdvgvha!hhdmtacgtd!cmngtkhvwmnicmhe!mneqfalsmdg!mna!hyschhvcmcpcmya!mprwmv!cmlewkdellhg!,686,26
318,mhvlhtrcmdgfvdvgvha!hhdmtacgtd!cmngtihvwmnicmhe!mnepfalsmdgwmna!hcschhvcmcpcmya!mprwmv!cmleckdellhg!,678,19
320,mhvlhtrcmdgfvdvgvha!hhdmtacgtd!cmngtihvwmnicmhe!mnepfalsmdgwmna!hyschhvcmcrcmya!mprwmv!cmlewkdellhg!,686,20
319,mhvlhtrcmdgfvdvgvha!hhdmtacgtd!cmngtihvwmnicmhe!mnepfalsmdgwmna!hyschhvcmcrcmya!mprwmv!cmlewkdellhg!,686,18
322,mhvlhtrcmdgfvdvgvha!hhdmtacgtd!cmngtihawmnicmhe!mnepfalsmdgwmna!hyschdvcmcpcmya!mplwmv!cmlewkdellhg!,686,20
314,mhalhtrcmdgfvdvgvha!hhdmtacgtd!cmngtrhvwmnicmhe!mnepfalymdgwmna!hdschhvcmcpcmya!mplwmv!cmlewkdellhg!,678,11
330,mhvlhtrcmdgfvdvgvha!hhemtacgtd!cmngtihvwmnicmhe!mnepfalymdg!mna!hyschhvcmcpcmya!mplwmv!cmlewmdellhg!,680,26
325,mhvlhtrcmdgfvdvgvha!hhdmtacgtd!cmngtihvwmnicmhe!mnepfalymdg!mna!hyschhvcmcpcmya!mprwmv!cmlewmdellhg!,688,20
323,mhglhtrcmdgfvdvgvha!hhdmiacgtd!cmngtihvwmnicmhe!mnepfalymdg!mna!hyschhvcmcpcmya!mprwmv!cmlewkdellhg!,686,17
321,mhglhtrcmdgfvdvgvha!hddmtacgtd!cmngtihawmnicmhe!mnepfalymdg!mna!hyschhvcmcpcmya!mplwmv!cmlewkdellhg!,686,14
313,mhalhtrcmdgfvdvgvha!hddmtacgtd!cmngtihvwmnicmhe!mnepfalymdgwmna!hyschhvcmcpcmya!mplwmv!cmlewkdellhg!,686,5
315,mhvlhtrcmdgfvdvgvha!hdditacgtd!cmngtihvwmnicmhe!mnepfalymdgwmna!hyschhvcmcpcmya!mplwmv!cmlewkdellhg!,686,6
308,mhvlhtrcmdgffdvgvha!hdditacgtdrcmngtihvwmnicmhe!mnepfalymdgwmna!hysclhvcmcscmya!mplwmv!cmlewkdellhg!,686,2
303,mhalhtrcmdgffdvgvya!hhditacgtdrcmngtihvwmnicmhe!mnepfalymdgwmna!hyschhvcmcscmya!mpqwmv!cmlewkdellhg!,686,8
305,mhalhtrcmdgffdvgvya!hhdmtacgtd!cmngtihvwmnicmhe!mnepfalymdgwmna!hysclhvcmcpcmya!mplwmv!cmlewkdellhg!,686,7
306,mhalhtrcmdgffdvgvya!hdditacgtdrcmnvtihvwmnicmhe!mnepfalymdgwmna!hysclhvcmcpcmya!mplwmv!cmlewkdellhg!,684,7
301,mhalhtrcmdgffdvgvya!hdditacgtdrcmngtihvwmnicmhe!mnepfalymdgwmda!hysclhvcmcpcmya!mplwmv!cmlewkdellhg!,686,13
297,mhalhtrcmdgffdvgvya!hddmtacgtdrcmngtihvwmnicmhe!mnepfalymdgwmna!hysclhvcmcpcmya!mplwmv!cmlewkdellhg!,686,18
299,mhalhtrcmdgffdvgvya!hddmtacgtdrcmngtihvwmnicmhe!mnepfalymdgwmna!hysclhvcmcpcmya!mplwmv!cmlewkdellhg!,686,17
294,mhalhtrcmdgffdvgvya!hddmtacgtdrcmngtihvwmnicmne!mnepfalymdgwmna!hysclhvcmcpcmya!mplwmv!cmlewkdellhg!,686,23
295,mhalhtrcmdgffdvgvya!hddmtacgtdrcmngtihvwmnicmne!mnepfalymdgwmna!hysclhvcmcpcmya!mplwmv!cmlewkdellhg!,686,23
298,mhalhtrcmdgffdvgvya!hddmtacgtdrcmngtihvwmnicmne!mnepfalymdgwmna!hyschhvcmcpcmya!mplwmv!cmlewkdellhg!,686,21
300,mhalhtrcmdgffdvgvya!hddmtacgtdrcmngtihvwmnicmhe!mnepfalymdgwmda!hyschhvcmcpcmya!mplwmv!cmlewkdellhg!,686,20
304,mhalhtrcmdgffdvgvya!hdditacgtdrcmngtihvwmnicmhe!mnepfalymdgwmna!hyschhvcmcpcmya!mplwmv!cmlewkdellhg!,686,17
302,mhalhtrcmdgffdvgvya!hhditacgtdrcmngtihvwmnicmhe!mnepfalymdgwmna!hyschhvcmcpcmya!mplwmv!cmlewkdellhg!,686,20
312,mhvlhtrcmdgfvdvgvya!hhditacgtd!cmngtihvwmnicmhe!mnepfalymdgwmna!hyschhvcmcpcmya!mplwmv!cmlewkdellhg!,686,11
311,mhvlhprcmdgfvdvgvha!hhditacgtd!cmngsihvwmnicmhe!mnepfalymdgwmna!hyschhvcmcpcmya!mplwmv!cmlewkdellhg!,678,13
310,mhvlhprcmdgfvdvgvha!hhditacgtd!cmngtihvwmnicmhe!mnepfalymdgwmna!hyschhvcmcpcmya!mplwmv!cmlewkdellhg!,686,15
309,mhvlhtqcmdgfvdvgvha!hhdmtacgtd!cmngtihvwmnicmhe!mnepfalymdgwmna!hyschhvcmcpcmya!mplwmv!cmlewkdellhg!,686,17
317,mhvlhtrcmdgffdvgvha!hhdmtacgtd!cmngtihvwmnicmhe!mnepfalymdgwmna!hyschhvcmcpcmya!mplwmv!cmlewkdellhg!,686,10
326,mhvlhtrcmdgfvdvgvha!hhdmtacgtd!cmngtihawmnicmhe!mnepfalymdgwmna!hyschhvcmcpcmya!mplwmv!cmlewmdellhg!,688,2
329,mhvlhtrcmdgfvdvgvha!hhdmtacgtd!cmngtkhawmnicmhe!mneplalymdgwmna!hyschhvcmcpcmya!mplwmv!cmlewmdellhg!,688,0
327,mhvlhtrcmdgfvdvgvha!hhdmtacgtd!cmngtkhawmnicmhe!mnepfalymdgwmna!hyschhvcmcpcmya!mplwmv!cmlewmdellhg!,688,3
328,mhvlhtrcmdgfvdvgvha!hhdmtacgtd!cmngtkhvwmnicmhe!mnepfalymdgwmna!hyschhvcmcrcmya!mplwmv!cmlewmdellhg!,688,3
332,mhvlhtrcmdgfvdvgvha!hddmtacgtd!cmngtkhawmnicmhe!mnepfalymdgwmna!hyschhvcmcrcmya!mplwmv!cmlewmdelldg!,688,0
